{
	"sections": {
		"main": {
			"type": "main-product",
			"blocks": {
				"vendor": {
					"type": "text",
					"settings": {
						"text_style": "uppercase",
						"text": "{{ product.vendor }}"
					}
				},
				"title": {
					"type": "title"
				},
				"caption": {
					"type": "text",
					"settings": {
						"text": "{{ product.metafields.descriptors.subtitle.value }}",
						"text_style": "subtitle"
					}
				},
				"price": {
					"type": "price"
				},
				"variant_picker": {
					"type": "variant_picker"
				},
				"quantity_selector": {
					"type": "quantity_selector"
				},
				"buy_buttons": {
					"type": "buy_buttons"
				},
				"description": {
					"type": "description"
				},
				"share": {
					"type": "share"
				}
			},
			"block_order": [
				"vendor",
				"title",
				"subtitle",
				"price",
				"variant_picker",
				"quantity_selector",
				"buy_buttons",
				"description",
				"share"
			]
		},
		"product-recommendations": {
			"type": "product-recommendations"
		}
	},
	"order": ["main", "product-recommendations"]
}
